<?xml version="1.0" encoding="UTF-8"?>
<project-private xmlns="http://www.netbeans.org/ns/project-private/1">
    <editor-bookmarks xmlns="http://www.netbeans.org/ns/editor-bookmarks/2" lastBookmarkId="0"/>
    <open-files xmlns="http://www.netbeans.org/ns/projectui-open-files/2">
        <group>
            <file>file:/D:/One%20Drive%20-%20Carlos%20IPN/OneDrive%20-%20Instituto%20Politecnico%20Nacional/UVEG/POO/Java/retoCuatro/RetoCuatro/src/retocuatro/RetoCuatro.java</file>
            <file>file:/D:/One%20Drive%20-%20Carlos%20IPN/OneDrive%20-%20Instituto%20Politecnico%20Nacional/UVEG/POO/Java/retoCuatro/RetoCuatro/src/retocuatro/TarjetaCredito.java</file>
            <file>file:/D:/One%20Drive%20-%20Carlos%20IPN/OneDrive%20-%20Instituto%20Politecnico%20Nacional/UVEG/POO/Java/retoCuatro/RetoCuatro/src/retocuatro/CuentaBase.java</file>
            <file>file:/D:/One%20Drive%20-%20Carlos%20IPN/OneDrive%20-%20Instituto%20Politecnico%20Nacional/UVEG/POO/Java/retoCuatro/RetoCuatro/src/retocuatro/TarjetaDebito.java</file>
            <file>file:/D:/One%20Drive%20-%20Carlos%20IPN/OneDrive%20-%20Instituto%20Politecnico%20Nacional/UVEG/POO/Java/retoCuatro/RetoCuatro/src/retocuatro/CuentaAhorro.java</file>
        </group>
    </open-files>
</project-private>
